	Год	День	Месяц	Час	Лексема	Часть речи
0	2010	13	12	17	классный	ADJF
1	2010	13	12	17	мультик	NOUN
2	2010	13	12	17	помнить	INFN
3	2010	13	12	17	как	CONJ
4	2010	13	12	17	мы	NPRO
5	2010	13	12	17	ржать	INFN
6	2010	13	12	17	это	PRCL
7	2010	13	12	17	быть	INFN
8	2010	13	12	17	чудесный	ADJF
9	2010	13	12	17	день	NOUN
10	2010	09	11	17	алин	NOUN
11	2010	09	11	17	весь	ADJF
12	2010	09	11	17	быть	INFN
13	2010	09	11	17	хорошо	ADVB
14	2010	07	11	21	ладный	ADJF
15	2010	07	11	21	ладный	ADJF
16	2010	07	11	21	в	PREP
17	2010	07	11	21	я	NPRO
18	2010	07	11	21	ты	NPRO
19	2010	07	11	21	такой	ADJF
20	2010	07	11	21	в	PREP
21	2010	07	11	21	я	NPRO
22	2010	26	10	15	приветик	NOUN
23	2010	26	10	15	лишенек	ADJS
24	2010	26	10	15	солнышко	NOUN
25	2010	26	10	15	мой	ADJF
26	2010	24	10	16	лишек	NOUN
27	2010	24	10	16	ты	NPRO
28	2010	24	10	16	ожидать	INFN
29	2010	24	10	16	интересный	ADJF
30	2010	24	10	16	книга	NOUN
31	2010	24	10	16	кликнуть	INFN
32	2010	24	10	16	по	PREP
33	2010	24	10	16	шар	NOUN
34	2010	24	10	16	чтобы	CONJ
35	2010	24	10	16	получить	INFN
36	2010	24	10	16	новое	NOUN
37	2010	24	10	16	предсказание	NOUN
38	2010	23	10	20	я	NPRO
39	2010	23	10	20	тоже	ADVB
40	2010	23	10	20	микроблог	NOUN
41	2010	23	10	20	бееееееееесиииииит	NOUN
42	2010	23	10	20	хоррошра	NOUN
43	2010	23	10	20	а	CONJ
44	2010	23	10	20	ты	NPRO
45	2010	23	10	20	как	CONJ
46	2010	22	10	19	да	PRCL
47	2010	22	10	19	ващий	ADJF
48	2010	22	10	19	капец	NOUN
49	2010	22	10	19	привет	NOUN
50	2010	16	10	23	почему	ADVB
51	2010	16	10	23	вроде	PRCL
52	2010	16	10	23	я	NPRO
53	2010	16	10	23	хорошо	ADVB
54	2010	16	10	21	аааскучать	INFN
55	2010	16	10	21	безумно	ADVB
56	2010	16	10	21	как	CONJ
57	2010	16	10	21	ты	NPRO
58	2010	16	10	21	тама	NOUN
59	2010	16	10	20	привет	NOUN
60	2010	16	10	20	любимый	ADJF
61	2010	16	10	20	мой	ADJF
62	2010	15	10	22	прикольнуться	INFN
63	2010	15	10	22	нарисовать	INFN
64	2010	15	10	22	я	NPRO
65	2010	15	10	22	один	ADJF
66	2010	15	10	22	цифра	NOUN
67	2010	15	10	22	на	PREP
68	2010	15	10	22	стенка	NOUN
69	2010	15	10	22	и	CONJ
70	2010	15	10	22	передать	INFN
71	2010	15	10	22	это	PRCL
72	2010	15	10	22	сообщение	NOUN
73	2010	15	10	22	весь	ADJF
74	2010	15	10	22	свой	ADJF
75	2010	15	10	22	друг	NOUN
76	2010	15	10	22	когда	CONJ
77	2010	15	10	22	собрать	INFN
78	2010	15	10	22	цифра	NOUN
79	2010	15	10	22	то	CONJ
80	2010	15	10	22	это	PRCL
81	2010	15	10	22	быть	INFN
82	2010	15	10	22	номер	NOUN
83	2010	15	10	22	вконтакте	NOUN
84	2010	15	10	22	твой	ADJF
85	2010	15	10	22	судьбын	NOUN
86	2010	15	10	22	что	CONJ
87	2010	15	10	22	не	PRCL
88	2010	15	10	22	боишьсятогда	ADVB
89	2010	15	10	22	давать	INFN
90	2010	15	10	22	поржать	INFN
91	2010	04	10	19	ахахи	NOUN
92	2010	04	10	19	спасибо	INTJ
93	2010	03	10	19	авочко	NOUN
94	2010	03	10	19	суперскай	NOUN
95	2010	03	10	18	ну	PRCL
96	2010	03	10	18	да	PRCL
97	2010	03	10	18	ну	PRCL
98	2010	03	10	18	такой	ADJF
99	2010	03	10	18	ти	NOUN
100	2010	03	10	18	тож	None
101	2010	03	10	18	клевенькакть	INFN
102	2010	03	10	18	я	NPRO
103	2010	03	10	18	нрав	NOUN
104	2010	03	10	18	что	CONJ
105	2010	03	10	18	нибыть	INFN
106	2010	03	10	18	планировать	INFN
107	2010	03	10	18	на	PREP
108	2010	03	10	18	каникулы	NOUN
109	2010	03	10	15	ти	NOUN
110	2010	03	10	15	когда	CONJ
111	2010	03	10	15	так	CONJ
112	2010	03	10	15	изменитсяуспелапостригласьтак	NOUN
113	2010	03	10	15	повзрослеть	INFN
114	2010	03	10	15	приветик	NOUN
115	2010	03	10	15	красоточка	NOUN
116	2010	03	10	15	мой	ADJF
117	2010	02	10	22	что	CONJ
118	2010	02	10	22	мой	ADJF
119	2010	02	10	20	у	PREP
120	2010	02	10	20	ты	NPRO
121	2010	02	10	20	занятый	ADJF
122	2010	02	10	19	что	CONJ
123	2010	02	10	19	ты	NPRO
124	2010	02	10	19	сказать	INFN
125	2010	02	10	19	что	CONJ
126	2010	02	10	19	ты	NPRO
127	2010	02	10	19	потом	ADVB
128	2010	02	10	19	позвонить	INFN
129	2010	02	10	19	ты	NPRO
130	2010	02	10	19	пошлый	ADJF
131	2010	02	10	19	к	PREP
132	2010	02	10	19	мама	NOUN
133	2010	02	10	19	рассказывать	INFN
134	2010	02	10	19	про	PREP
135	2010	02	10	19	то	CONJ
136	2010	02	10	19	что	CONJ
137	2010	02	10	19	купить	INFN
138	2010	02	10	19	твой	ADJF
139	2010	02	10	19	брат	NOUN
140	2010	02	10	19	помнить	INFN
141	2010	02	10	18	вместе	ADVB
142	2010	02	10	18	мы	NPRO
143	2010	02	10	18	сила	NOUN
144	2010	02	10	18	одиночка	NOUN
145	2010	02	10	18	эллемент	NOUN
146	2010	02	10	18	и	CONJ
147	2010	02	10	18	тот	ADJF
148	2010	02	10	18	вчерашний	ADJF
149	2010	02	10	18	мент	NOUN
150	2010	02	10	18	не	PRCL
151	2010	02	10	18	изменить	INFN
152	2010	02	10	18	время	NOUN
153	2010	02	10	18	кто	NPRO
154	2010	02	10	18	бежать	INFN
155	2010	02	10	18	не	PRCL
156	2010	02	10	18	понимать	INFN
157	2010	02	10	18	тот	ADJF
158	2010	02	10	18	весь	ADJF
159	2010	02	10	18	равно	CONJ
160	2010	02	10	18	сгорать	INFN
161	2010	02	10	18	пламя	NOUN
162	2010	02	10	18	быть	INFN
163	2010	02	10	18	вечный	ADJF
164	2010	02	10	18	время	NOUN
165	2010	02	10	18	как	CONJ
166	2010	02	10	18	пепел	NOUN
167	2010	02	10	18	но	CONJ
168	2010	02	10	18	не	PRCL
169	2010	02	10	18	думать	INFN
170	2010	02	10	18	о	PREP
171	2010	02	10	18	прошлое	NOUN
172	2010	02	10	18	и	CONJ
173	2010	02	10	18	весь	ADJF
174	2010	02	10	18	также	CONJ
175	2010	02	10	18	дождь	NOUN
176	2010	02	10	18	не	PRCL
177	2010	02	10	18	помочь	INFN
178	2010	02	10	18	слеза	NOUN
179	2010	02	10	18	который	ADJF
180	2010	02	10	18	иметь	INFN
181	2010	02	10	18	повод	NOUN
182	2010	02	10	18	не	PRCL
183	2010	02	10	18	причина	NOUN
184	2010	02	10	18	как	CONJ
185	2010	02	10	18	нож	NOUN
186	2010	02	10	18	медецин	NOUN
187	2010	02	10	15	привет	NOUN
188	2010	02	10	15	сегодня	ADVB
189	2010	02	10	15	ты	NPRO
190	2010	02	10	15	видеть	INFN
191	2010	01	10	21	ну	PRCL
192	2010	01	10	21	и	CONJ
193	2010	01	10	21	что	CONJ
194	2010	01	10	21	а	CONJ
195	2010	01	10	21	тот	ADJF
196	2010	01	10	21	про	PREP
197	2010	01	10	21	кто	NPRO
198	2010	01	10	21	это	PRCL
199	2010	01	10	21	знать	INFN
200	2010	01	10	21	о	PREP
201	2010	01	10	21	ком	NOUN
202	2010	01	10	21	это	PRCL
203	2010	01	10	21	и	CONJ
204	2010	01	10	21	что	CONJ
205	2010	01	10	21	вот	PRCL
206	2010	01	10	21	это	PRCL
207	2010	01	10	21	значит	CONJ
208	2010	01	10	21	юля	NOUN
209	2010	01	10	21	однозначно	ADVB
210	2010	01	10	21	а	CONJ
211	2010	01	10	21	знать	INFN
212	2010	01	10	21	знать	INFN
213	2010	01	10	21	какой	ADJF
214	2010	01	10	21	бывать	INFN
215	2010	01	10	21	я	NPRO
216	2010	01	10	21	уверенный	ADJF
217	2010	01	10	21	я	NPRO
218	2010	01	10	21	право	NOUN
219	2010	01	10	21	мочь	NOUN
220	2010	01	10	21	спросить	INFN
221	2010	01	10	21	у	PREP
222	2010	01	10	21	он	NPRO
223	2010	01	10	21	привет	NOUN
224	2010	01	10	21	алиночка	NOUN
225	2010	01	10	20	ну	PRCL
226	2010	01	10	20	а	CONJ
227	2010	01	10	20	вдруг	ADVB
228	2010	01	10	20	это	PRCL
229	2010	01	10	20	правда	PRCL
230	2010	01	10	20	знать	INFN
231	2010	01	10	20	если	CONJ
232	2010	01	10	20	он	NPRO
233	2010	01	10	20	не	PRCL
234	2010	01	10	20	отвечать	INFN
235	2010	01	10	20	а	CONJ
236	2010	01	10	20	он	NPRO
237	2010	01	10	20	онлайн	ADVB
238	2010	01	10	20	значит	CONJ
239	2010	01	10	20	он	NPRO
240	2010	01	10	20	ушол	NOUN
241	2010	01	10	20	в	PREP
242	2010	01	10	20	туалет	NOUN
243	2010	01	10	20	а	CONJ
244	2010	01	10	20	в	PREP
245	2010	01	10	20	контакт	NOUN
246	2010	01	10	20	сидеть	INFN
247	2010	01	10	20	он	NPRO
248	2010	01	10	20	мама	NOUN
249	2010	01	10	18	хахах	NOUN
250	2010	01	10	18	статус	NOUN
251	2010	29	09	21	приветик	NOUN
252	2010	29	09	21	лишечка	NOUN
253	2010	27	09	22	чнго	NOUN
254	2010	27	09	22	интересненький	ADJF
255	2010	27	09	22	у	PREP
256	2010	27	09	22	тякак	ADVB
257	2010	27	09	22	я	NPRO
258	2010	27	09	22	по	PREP
259	2010	27	09	22	тот	ADJF
260	2010	27	09	22	соскучиласьти	NOUN
261	2010	27	09	22	так	CONJ
262	2010	27	09	22	измениться	INFN
263	2010	27	09	22	такой	ADJF
264	2010	27	09	22	красотуличка	NOUN
265	2010	27	09	22	ти	NOUN
266	2010	27	09	22	не	PRCL
267	2010	27	09	22	представлять	INFN
268	2010	27	09	22	как	CONJ
269	2010	27	09	22	я	NPRO
270	2010	27	09	22	тя	None
271	2010	27	09	22	искать	INFN
272	2010	27	09	22	приветик	NOUN
273	2010	27	09	22	лишенек	ADJS
274	2010	27	09	22	помнить	INFN
275	2010	27	09	22	мя	None
276	2010	16	08	11	привет	NOUN
277	2010	15	08	22	давать	INFN
278	2010	15	08	22	в	PREP
279	2010	15	08	22	личка	NOUN
280	2010	15	08	22	а	CONJ
281	2010	15	08	22	то	CONJ
282	2010	15	08	22	такой	ADJF
283	2010	15	08	22	на	PREP
284	2010	15	08	22	стен	NOUN
285	2010	15	08	22	не	PRCL
286	2010	15	08	22	хотеть	INFN
287	2010	15	08	22	писать	INFN
288	2010	15	08	22	понятно	ADVB
289	2010	15	08	22	ну	PRCL
290	2010	15	08	22	рассказать	INFN
291	2010	15	08	22	как	CONJ
292	2010	15	08	22	лето	NOUN
293	2010	15	08	22	провести	INFN
294	2010	15	08	22	понятно	ADVB
295	2010	15	08	22	а	CONJ
296	2010	15	08	22	какой	ADJF
297	2010	15	08	20	я	NPRO
298	2010	15	08	20	тоже	ADVB
299	2010	15	08	20	очень	ADVB
300	2010	15	08	20	скучать	INFN
301	2010	15	08	20	я	NPRO
302	2010	15	08	20	а	CONJ
303	2010	15	08	20	ты	NPRO
304	2010	15	08	20	уже	ADVB
305	2010	15	08	20	в	PREP
306	2010	15	08	20	город	NOUN
307	2010	15	08	19	привет	NOUN
308	2010	03	08	01	привет	NOUN
309	2010	03	08	01	дорогой	ADVB
310	2010	29	07	15	спасибо	INTJ
311	2010	28	07	14	да	PRCL
312	2010	28	07	14	не	PRCL
313	2010	28	07	14	за	PREP
314	2010	28	07	14	что	CONJ
315	2010	26	07	22	с	PREP
316	2010	26	07	22	димка	NOUN
317	2010	26	07	22	по	PREP
318	2010	26	07	22	скайп	NOUN
319	2010	26	07	22	общаюсь	VERB
320	2010	26	07	22	ты	NPRO
321	2010	26	07	22	отлично	ADVB
322	2010	26	07	22	вот	PRCL
323	2010	26	07	22	с	PREP
324	2010	26	07	22	димка	NOUN
325	2010	26	07	22	сегодня	ADVB
326	2010	26	07	22	на	PREP
327	2010	26	07	22	дача	NOUN
328	2010	26	07	22	ездилишашлык	NOUN
329	2010	26	07	22	елизагорать	INFN
330	2010	26	07	22	а	CONJ
331	2010	26	07	22	ты	NPRO
332	2010	26	07	22	как	CONJ
333	2010	26	07	22	да	PRCL
334	2010	26	07	22	какой	ADJF
335	2010	26	07	22	разница	NOUN
336	2010	26	07	22	ну	PRCL
337	2010	26	07	22	ладный	ADJF
338	2010	26	07	22	так	CONJ
339	2010	26	07	22	уж	ADVB
340	2010	26	07	22	и	CONJ
341	2010	26	07	22	бытьдаша	NOUN
342	2010	26	07	21	спасибо	INTJ
343	2010	26	07	21	уже	ADVB
344	2010	26	07	21	как	CONJ
345	2010	26	07	21	год	NOUN
346	2010	26	07	21	вместе	ADVB
347	2010	26	07	09	что	CONJ
348	2010	26	07	09	общий	ADJF
349	2010	26	07	09	между	PREP
350	2010	26	07	09	ты	NPRO
351	2010	26	07	09	и	CONJ
352	2010	26	07	09	лишка	NOUN
353	2010	26	07	09	мартышка	NOUN
354	2010	26	07	09	нууууа	NOUN
355	2010	26	07	09	мы	NPRO
356	2010	26	07	09	оба	NUMR
357	2010	26	07	09	дурында	NOUN
358	2010	26	07	09	р	None
359	2010	07	07	12	аеспасибо	NOUN
360	2010	07	07	12	мой	ADJF
361	2010	07	07	12	хороший	ADJF
362	2010	07	07	12	весь	ADJF
363	2010	07	07	12	в	PREP
364	2010	07	07	12	ты	NPRO
365	2010	03	07	23	дорогой	ADVB
366	2010	03	07	23	я	NPRO
367	2010	03	07	23	уехать	INFN
368	2010	03	07	23	ждать	INFN
369	2010	02	07	21	приезжать	INFN
370	2010	02	07	21	скорее	CONJ
371	2010	02	07	21	я	NPRO
372	2010	02	07	21	скучно	ADVB
373	2010	02	07	21	без	PREP
374	2010	02	07	21	ты	NPRO
375	2010	30	06	19	пожалуйста	PRCL
376	2010	30	06	19	хотя	CONJ
377	2010	30	06	19	это	PRCL
378	2010	30	06	19	вы	NPRO
379	2010	30	06	19	почти	ADVB
380	2010	30	06	19	весь	ADJF
381	2010	30	06	19	сделать	INFN
382	2010	30	06	19	по	PREP
383	2010	30	06	19	дебаты	NOUN
384	2010	30	06	19	вы	NPRO
385	2010	30	06	19	молодец	NOUN
386	2010	28	06	09	аааааааааа	NOUN
387	2010	28	06	09	я	NPRO
388	2010	28	06	09	ты	NPRO
389	2010	28	06	09	видеть	INFN
390	2010	28	06	09	в	PREP
391	2010	28	06	09	калевала	NOUN
392	2010	28	06	09	я	NPRO
393	2010	28	06	09	возле	ADVB
394	2010	28	06	09	ты	NPRO
395	2010	28	06	09	прямо	ADVB
396	2010	28	06	09	пошол	NOUN
397	2010	28	06	09	спасибо	INTJ
398	2010	28	06	09	я	NPRO
399	2010	28	06	09	ты	NPRO
400	2010	28	06	09	вчера	ADVB
401	2010	28	06	09	видеть	INFN
402	2010	26	06	12	отличноа	NOUN
403	2010	26	06	12	у	PREP
404	2010	26	06	12	ты	NPRO
405	2010	26	06	12	как	CONJ
406	2010	26	06	10	спасибка	NOUN
407	2010	25	06	22	хахахаххахад	NOUN
408	2010	25	06	22	да	PRCL
409	2010	25	06	22	да	PRCL
410	2010	25	06	21	спасибо	INTJ
411	2010	25	06	20	привет	NOUN
412	2010	24	06	20	приветик	NOUN
413	2010	22	06	21	уже	ADVB
414	2010	22	06	21	добавить	INFN
415	2010	19	06	12	приголосовать	INFN
416	2010	19	06	12	за	PREP
417	2010	19	06	12	два	NUMR
418	2010	19	06	12	пожалуйста	PRCL
419	2010	19	06	12	приветик	NOUN
420	2010	09	06	10	результат	NOUN
421	2010	09	06	10	анализ	NOUN
422	2010	09	06	10	аватар	NOUN
423	2010	09	06	10	можно	PRED
424	2010	09	06	10	увидеть	INFN
425	2010	09	06	10	в	PREP
426	2010	09	06	10	приложение	NOUN
427	2010	07	06	17	спасибо	INTJ
428	2010	01	06	09	привет	NOUN
429	2010	19	05	19	красивый	ADJF
430	2010	19	05	19	маленький	ADJF
431	2010	19	05	19	не	PRCL
432	2010	19	05	19	за	PREP
433	2010	19	05	19	что	CONJ
434	2010	19	05	08	ава	NOUN
435	2010	19	05	08	супер	ADJF
436	2010	19	05	08	ты	NPRO
437	2010	19	05	08	просто	PRCL
438	2010	19	05	08	прелесть	NOUN
439	2010	18	05	20	прелесть	NOUN
440	2010	18	05	20	такой	ADJF
441	2010	18	05	20	авка	NOUN
442	2010	18	05	20	милый	ADJF
443	2010	18	05	19	классненький	ADJF
444	2010	18	05	19	авочко	NOUN
445	2010	18	05	18	ава	NOUN
446	2010	18	05	18	просто	PRCL
447	2010	18	05	18	прелесть	NOUN
448	2010	18	05	13	авка	NOUN
449	2010	18	05	13	кул	None
450	2010	16	05	12	создать	INFN
451	2010	16	05	12	фото	NOUN
452	2010	16	05	12	с	PREP
453	2010	16	05	12	друг	NOUN
454	2010	16	05	12	в	PREP
455	2010	16	05	12	приложение	NOUN
456	2010	16	05	12	камедь	NOUN
457	2010	16	05	12	лаб	None
458	2010	13	05	21	это	PRCL
459	2010	13	05	21	точно	ADVB
460	2010	13	05	20	почему	ADVB
461	2010	13	05	20	давно	ADVB
462	2010	13	05	20	не	PRCL
463	2010	13	05	20	видеться	INFN
464	2010	13	05	20	вроде	PRCL
465	2010	13	05	20	же	PRCL
466	2010	13	05	20	в	PREP
467	2010	13	05	20	один	ADJF
468	2010	13	05	20	город	NOUN
469	2010	13	05	20	жить	INFN
470	2010	13	05	20	я	NPRO
471	2010	13	05	20	тоже	ADVB
472	2010	13	05	20	я	NPRO
473	2010	13	05	20	так	CONJ
474	2010	13	05	20	нравиться	INFN
475	2010	13	05	20	как	CONJ
476	2010	13	05	20	у	PREP
477	2010	13	05	20	вы	NPRO
478	2010	13	05	20	герка	NOUN
479	2010	13	05	20	я	NPRO
480	2010	13	05	20	он	NPRO
481	2010	13	05	20	что	CONJ
482	2010	13	05	20	то	CONJ
483	2010	13	05	20	писать	INFN
484	2010	13	05	20	он	NPRO
485	2010	13	05	20	я	NPRO
486	2010	13	05	20	не	PRCL
487	2010	13	05	20	отвечать	INFN
488	2010	13	05	20	не	PRCL
489	2010	13	05	20	знать	INFN
490	2010	13	05	20	что	CONJ
491	2010	13	05	20	думать	INFN
492	2010	13	05	20	у	PREP
493	2010	13	05	20	ты	NPRO
494	2010	13	05	20	спросить	INFN
495	2010	13	05	20	я	NPRO
496	2010	13	05	20	так	CONJ
497	2010	13	05	20	рада	NOUN
498	2010	13	05	20	за	PREP
499	2010	13	05	20	васчестно	ADVB
500	2010	13	05	20	я	NPRO
501	2010	13	05	20	думать	INFN
502	2010	13	05	20	что	CONJ
503	2010	13	05	20	ты	NPRO
504	2010	13	05	20	в	PREP
505	2010	13	05	20	ну	PRCL
506	2010	13	05	20	значит	CONJ
507	2010	13	05	20	ты	NPRO
508	2010	13	05	20	тоже	ADVB
509	2010	13	05	20	малявочко	NOUN
510	2010	13	05	20	как	CONJ
511	2010	13	05	20	я	NPRO
512	2010	13	05	19	мммммм	NOUN
513	2010	13	05	19	по	PREP
514	2010	13	05	19	скайп	NOUN
515	2010	13	05	19	болтать	INFN
516	2010	13	05	19	откуда	ADVB
517	2010	13	05	19	пришлый	ADJF
518	2010	13	05	18	жалко	ADVB
519	2010	13	05	18	конечно	CONJ
520	2010	13	05	18	но	CONJ
521	2010	13	05	18	ничто	NPRO
522	2010	13	05	18	не	PRCL
523	2010	13	05	18	поделать	INFN
524	2010	13	05	18	ты	NPRO
525	2010	13	05	18	молодец	NOUN
526	2010	13	05	18	а	CONJ
527	2010	13	05	18	ты	NPRO
528	2010	13	05	18	рахзва	ADJS
529	2010	13	05	18	сейчас	ADVB
530	2010	13	05	18	класс	NOUN
531	2010	13	05	18	заканчивать	INFN
532	2010	13	05	17	че	None
533	2010	13	05	17	делать	INFN
534	2010	13	05	17	выздоравливать	INFN
535	2010	12	05	21	до	PREP
536	2010	12	05	21	свидание	NOUN
537	2010	12	05	21	я	NPRO
538	2010	12	05	21	с	PREP
539	2010	12	05	21	другой	ADJF
540	2010	12	05	21	планета	NOUN
541	2010	12	05	21	я	NPRO
542	2010	12	05	21	о	PREP
543	2010	12	05	21	такой	ADJF
544	2010	12	05	21	ващий	ADJF
545	2010	12	05	21	не	PRCL
546	2010	12	05	21	слышать	INFN
547	2010	12	05	21	даже	PRCL
548	2010	12	05	21	а	CONJ
549	2010	12	05	21	мой	ADJF
550	2010	12	05	21	любимый	ADJF
551	2010	12	05	21	это	PRCL
552	2010	12	05	21	брат	NOUN
553	2010	12	05	21	стругацкий	NOUN
554	2010	12	05	21	че	None
555	2010	12	05	21	ещё	ADVB
556	2010	12	05	21	за	PREP
557	2010	12	05	21	гарик	NOUN
558	2010	12	05	21	оо	None
559	2010	12	05	20	ты	NPRO
560	2010	12	05	20	она	NPRO
561	2010	12	05	20	скачивать	INFN
562	2010	12	05	20	или	CONJ
563	2010	12	05	20	у	PREP
564	2010	12	05	20	тя	None
565	2010	12	05	20	книжка	NOUN
566	2010	12	05	20	есть	INTJ
567	2010	12	05	20	она	NPRO
568	2010	12	05	20	толстой	NOUN
569	2010	12	05	20	книга	NOUN
570	2010	12	05	20	почему	ADVB
571	2010	12	05	20	не	PRCL
572	2010	12	05	20	ехать	INFN
573	2010	12	05	20	сдоровый	NOUN
574	2010	12	05	20	же	PRCL
575	2010	12	05	20	быть	INFN
576	2010	12	05	20	да	PRCL
577	2010	12	05	20	ну	PRCL
578	2010	12	05	20	я	NPRO
579	2010	12	05	20	расстроить	INFN
580	2010	12	05	20	ну	PRCL
581	2010	12	05	20	если	CONJ
582	2010	12	05	20	ты	NPRO
583	2010	12	05	20	не	PRCL
584	2010	12	05	20	ехать	INFN
585	2010	12	05	20	то	CONJ
586	2010	12	05	20	у	PREP
587	2010	12	05	20	ты	NPRO
588	2010	12	05	20	должныца	NOUN
589	2010	12	05	20	быть	INFN
590	2010	12	05	20	офигительный	ADJF
591	2010	12	05	20	план	NOUN
592	2010	12	05	20	какой	ADJF
593	2010	12	05	20	если	CONJ
594	2010	12	05	20	не	PRCL
595	2010	12	05	20	секрет	NOUN
596	2010	12	05	20	ильдарка	NOUN
597	2010	12	05	20	большущий	ADJF
598	2010	12	05	20	привет	NOUN
599	2010	12	05	20	он	NPRO
600	2010	12	05	20	то	CONJ
601	2010	12	05	20	хоть	CONJ
602	2010	12	05	20	ехать	INFN
603	2010	12	05	20	я	NPRO
604	2010	12	05	20	не	PRCL
605	2010	12	05	20	такой	ADJF
606	2010	12	05	20	тупой	ADJF
607	2010	12	05	20	я	NPRO
608	2010	12	05	20	книжка	NOUN
609	2010	12	05	20	тоже	ADVB
610	2010	12	05	20	читать	INFN
611	2010	12	05	20	ток	NOUN
612	2010	12	05	20	не	PRCL
613	2010	12	05	20	такой	ADJF
614	2010	12	05	20	автор	NOUN
615	2010	12	05	20	летом	ADVB
616	2010	12	05	20	почитать	INFN
617	2010	12	05	20	щас	ADVB
618	2010	12	05	20	время	NOUN
619	2010	12	05	20	нет	PRED
620	2010	12	05	20	егэ	NOUN
621	2010	12	05	20	тоже	ADVB
622	2010	12	05	20	весь	ADJF
623	2010	12	05	20	хорошо	ADVB
624	2010	12	05	20	какой	ADJF
625	2010	12	05	20	план	NOUN
626	2010	12	05	20	на	PREP
627	2010	12	05	20	лето	NOUN
628	2010	12	05	20	ехать	INFN
629	2010	12	05	20	с	PREP
630	2010	12	05	20	мы	NPRO
631	2010	12	05	20	в	PREP
632	2010	12	05	20	лозый	ADJF
633	2010	12	05	20	как	CONJ
634	2010	12	05	20	ильдар	NOUN
635	2010	12	05	20	чем	CONJ
636	2010	12	05	20	заниматься	INFN
637	2010	12	05	20	ты	NPRO
638	2010	12	05	20	право	NOUN
639	2010	12	05	20	впервые	ADVB
640	2010	12	05	20	слышать	INFN
641	2010	12	05	20	привет	NOUN
642	2010	12	05	20	зайка	NOUN
643	2010	12	05	20	как	CONJ
644	2010	12	05	20	твой	ADJF
645	2010	12	05	20	дело	NOUN
646	2010	12	05	20	чем	CONJ
647	2010	12	05	20	заниматься	INFN
648	2010	12	05	20	ну	PRCL
649	2010	12	05	20	сказать	INFN
650	2010	12	05	20	да	PRCL
651	2010	12	05	20	мы	NPRO
652	2010	12	05	20	вчера	ADVB
653	2010	12	05	20	в	PREP
654	2010	12	05	20	парк	NOUN
655	2010	12	05	20	победа	NOUN
656	2010	12	05	20	ходить	INFN
657	2010	12	05	20	на	PREP
658	2010	12	05	20	атракцион	NOUN
659	2010	12	05	20	кататься	INFN
660	2010	12	05	20	так	CONJ
661	2010	12	05	20	щас	ADVB
662	2010	12	05	20	сидеть	INFN
663	2010	12	05	20	и	CONJ
664	2010	12	05	20	вспоминать	INFN
665	2010	12	05	20	в	PREP
666	2010	12	05	20	контакт	NOUN
667	2010	12	05	20	и	CONJ
668	2010	12	05	20	ржом	NOUN
669	2010	12	05	19	че	None
670	2010	12	05	19	курить	INFN
671	2010	12	05	19	статус	NOUN
672	2010	11	05	19	лиш	None
673	2010	11	05	19	ответить	INFN
674	2010	11	05	19	я	NPRO
675	2010	11	05	19	в	PREP
676	2010	11	05	19	личка	NOUN
677	2010	10	05	19	поздравлять	INFN
678	2010	10	05	19	с	PREP
679	2010	10	05	19	великое	NOUN
680	2010	10	05	19	праздник	NOUN
681	2010	10	05	19	победа	NOUN
682	2010	10	05	19	с	PREP
683	2010	10	05	19	май	NOUN
684	2010	09	05	11	поздравлять	INFN
685	2010	09	05	01	ава	NOUN
686	2010	09	05	01	замечательный	ADJF
687	2010	09	05	01	красавица	NOUN
688	2010	05	05	19	да	PRCL
689	2010	05	05	19	по	PREP
690	2010	05	05	19	счёт	NOUN
691	2010	05	05	19	гуляние	NOUN
692	2010	05	05	19	облом	NOUN
693	2010	05	05	19	круто	ADVB
694	2010	05	05	19	сидеть	INFN
695	2010	05	05	19	ты	NPRO
696	2010	05	05	19	уже	ADVB
697	2010	05	05	19	приехать	INFN
698	2010	05	05	19	норма	NOUN
699	2010	05	05	19	что	CONJ
700	2010	05	05	19	делать	INFN
701	2010	05	05	19	как	CONJ
702	2010	05	05	19	дело	NOUN
703	2010	24	04	08	привет	NOUN
704	2010	23	04	07	привет	NOUN
705	2010	23	04	07	я	NPRO
706	2010	23	04	07	на	PREP
707	2010	23	04	07	тренировка	NOUN
708	2010	23	04	07	собираться	INFN
709	2010	23	04	07	а	CONJ
710	2010	23	04	07	ты	NPRO
711	2010	22	04	11	спасибо	INTJ
712	2010	21	04	22	привет	NOUN
713	2010	21	04	22	как	CONJ
714	2010	21	04	22	ты	NPRO
715	2010	21	04	21	ава	NOUN
716	2010	21	04	21	кул	None
717	2010	21	04	21	мнетоже	ADVB
718	2010	21	04	21	понравиться	INFN
719	2010	21	04	18	ой	INTJ
720	2010	21	04	18	тты	None
721	2010	21	04	18	подстричься	INFN
722	2010	21	04	11	агага	NOUN
723	2010	21	04	11	ава	NOUN
724	2010	21	04	11	супердорогой	ADVB
725	2010	21	04	11	ты	NPRO
726	2010	21	04	11	просто	PRCL
727	2010	21	04	11	класс	NOUN
728	2010	20	04	16	вы	NPRO
729	2010	20	04	16	застукать	INFN
730	2010	20	04	16	лишек	NOUN
731	2010	20	04	16	мартышка	NOUN
732	2010	20	04	16	за	PREP
733	2010	20	04	16	чтение	NOUN
734	2010	20	04	16	«»	None
735	2010	20	04	16	ваш	ADJF
736	2010	20	04	16	реакция	NOUN
737	2010	20	04	16	присоединиться	INFN
738	2010	20	04	16	бы	PRCL
739	2010	20	04	16	к	PREP
740	2010	20	04	16	она	NPRO
741	2010	20	04	16	х	None
742	2010	20	04	11	незачта	None
743	2010	19	04	19	ааспасибо	NOUN
744	2010	19	04	19	дорогой	ADVB
745	2010	19	04	19	мой	ADJF
746	2010	19	04	19	за	PREP
747	2010	19	04	19	подарок	NOUN
748	2010	19	04	19	я	NPRO
749	2010	19	04	19	тоже	ADVB
750	2010	19	04	19	это	PRCL
751	2010	19	04	19	очень	ADVB
752	2010	19	04	19	рада	NOUN
753	2010	19	04	19	и	CONJ
754	2010	19	04	19	надеяться	INFN
755	2010	19	04	19	что	CONJ
756	2010	19	04	19	быть	INFN
757	2010	19	04	19	ещё	ADVB
758	2010	19	04	19	хороший	ADJF
759	2010	19	04	19	любить	INFN
760	2010	19	04	19	ты	NPRO
761	2010	19	04	19	родной	ADJF
762	2010	19	04	19	мой	ADJF
763	2010	18	04	18	весь	ADJF
764	2010	18	04	18	супер	ADJF
765	2010	18	04	18	что	CONJ
766	2010	18	04	18	делать	INFN
767	2010	18	04	12	привет	NOUN
768	2010	18	04	12	как	CONJ
769	2010	18	04	12	дело	NOUN
770	2010	18	04	08	эмма	NOUN
771	2010	18	04	08	твой	ADJF
772	2010	18	04	08	статус	NOUN
773	2010	18	04	08	о	PREP
774	2010	18	04	08	чем	CONJ
775	2010	16	04	17	привет	NOUN
776	2010	14	04	21	музыка	NOUN
777	2010	14	04	21	слушать	INFN
778	2010	14	04	21	а	CONJ
779	2010	14	04	21	я	NPRO
780	2010	14	04	21	за	PREP
781	2010	14	04	21	тя	None
782	2010	14	04	21	что	CONJ
783	2010	14	04	21	делать	INFN
784	2010	14	04	21	отлично	ADVB
785	2010	14	04	21	ясн	None
786	2010	14	04	16	что	CONJ
787	2010	14	04	16	делать	INFN
788	2010	13	04	19	я	NPRO
789	2010	13	04	19	не	PRCL
790	2010	13	04	19	очень	ADVB
791	2010	13	04	19	рада	NOUN
792	2010	13	04	19	за	PREP
793	2010	13	04	19	ты	NPRO
794	2010	13	04	19	очень	ADVB
795	2010	13	04	19	алиш	NOUN
796	2010	13	04	19	ава	NOUN
797	2010	13	04	19	супер	ADJF
798	2010	13	04	19	как	CONJ
799	2010	13	04	19	ты	NPRO
800	2010	13	04	19	ава	NOUN
801	2010	13	04	19	суперра	NOUN
802	2010	13	04	19	такой	ADJF
803	2010	13	04	19	весеннелетний	ADJF
804	2010	13	04	18	привет	NOUN
805	2010	13	04	14	не	PRCL
806	2010	12	04	11	милый	ADJF
807	2010	12	04	11	но	CONJ
808	2010	12	04	11	это	PRCL
809	2010	12	04	11	наести	NOUN
810	2010	12	04	11	у	PREP
811	2010	12	04	11	я	NPRO
812	2010	12	04	11	июнь	NOUN
813	2010	09	04	20	мой	ADJF
814	2010	09	04	20	заюшка	NOUN
815	2010	09	04	20	я	NPRO
816	2010	09	04	20	любить	INFN
817	2010	09	04	20	ты	NPRO
818	2010	08	04	10	старт	NOUN
819	2010	08	04	10	метр	NOUN
820	2010	08	04	10	метр	NOUN
821	2010	08	04	10	метр	NOUN
822	2010	08	04	10	метр	NOUN
823	2010	08	04	10	метр	NOUN
824	2010	08	04	10	метр	NOUN
825	2010	08	04	10	метр	NOUN
826	2010	08	04	10	метр	NOUN
827	2010	08	04	10	метр	NOUN
828	2010	08	04	10	разбег	NOUN
829	2010	08	04	10	нормальный	ADJF
830	2010	08	04	10	финиш	NOUN
831	2010	08	04	10	биться	INFN
832	2010	08	04	10	голова	NOUN
833	2010	08	04	10	сюда	ADVB
834	2010	06	04	21	любить	INFN
835	2010	06	04	20	приветиклишкак	ADVB
836	2010	06	04	20	дело	NOUN
837	2010	04	04	12	святой	ADJF
838	2010	04	04	12	ночь	NOUN
839	2010	04	04	12	залить	INFN
840	2010	04	04	12	огонь	NOUN
841	2010	04	04	12	храм	NOUN
842	2010	04	04	12	молитва	NOUN
843	2010	04	04	12	грешник	NOUN
844	2010	04	04	12	восходить	INFN
845	2010	04	04	12	до	PREP
846	2010	04	04	12	небо	NOUN
847	2010	04	04	12	как	CONJ
848	2010	04	04	12	в	PREP
849	2010	04	04	12	алтар	NOUN
850	2010	04	04	12	зажечь	INFN
851	2010	04	04	12	фимиам	NOUN
852	2010	04	04	12	христос	NOUN
853	2010	04	04	12	воскреснуть	INFN
854	2010	04	04	12	воистину	ADVB
855	2010	04	04	12	воскреснуть	INFN
856	2010	04	04	12	природа	NOUN
857	2010	04	04	12	нежный	ADJF
858	2010	04	04	12	трепет	NOUN
859	2010	04	04	12	полный	ADJF
860	2010	04	04	12	мерцать	INFN
861	2010	04	04	12	звезда	NOUN
862	2010	04	04	12	в	PREP
863	2010	04	04	12	глубина	NOUN
864	2010	04	04	12	небо	NOUN
865	2010	04	04	12	царить	INFN
866	2010	04	04	12	над	PREP
867	2010	04	04	12	грешный	ADJF
868	2010	04	04	12	мир	NOUN
869	2010	04	04	12	тишина	NOUN
870	2010	04	04	12	…	None
871	2010	04	04	12	христос	NOUN
872	2010	04	04	12	воскреснуть	INFN
873	2010	04	04	12	воистину	ADVB
874	2010	04	04	12	воскреснуть	INFN
875	2010	04	04	12	как	CONJ
876	2010	04	04	12	перед	PREP
877	2010	04	04	12	буреть	INFN
878	2010	04	04	12	замереть	INFN
879	2010	04	04	12	трава	NOUN
880	2010	04	04	12	затихнуть	INFN
881	2010	04	04	12	пред	PREP
882	2010	04	04	12	тайна	NOUN
883	2010	04	04	12	дремучий	ADJF
884	2010	04	04	12	старый	ADJF
885	2010	04	04	12	лес	NOUN
886	2010	04	04	12	лишь	PRCL
887	2010	04	04	12	ветер	NOUN
888	2010	04	04	12	шептать	INFN
889	2010	04	04	12	нежный	ADJF
890	2010	04	04	12	слово	NOUN
891	2010	04	04	12	«	None
892	2010	04	04	12	христос	NOUN
893	2010	04	04	12	воскреснуть	INFN
894	2010	04	04	12	воистину	ADVB
895	2010	04	04	12	воскреснуть	INFN
896	2010	04	04	12	»	None
897	2010	27	03	23	я	NPRO
898	2010	27	03	23	тоже	ADVB
899	2010	27	03	23	авка	NOUN
900	2010	27	03	23	нравица	NOUN
901	2010	27	03	23	красиво	ADVB
902	2010	27	03	21	оуалиночкаав	GRND
903	2010	27	03	21	суперзагляденье	NOUN
904	2010	20	03	14	спасибо	INTJ
905	2010	20	03	14	милка	NOUN
906	2010	19	03	19	у	PREP
907	2010	19	03	19	ты	NPRO
908	2010	19	03	19	статус	NOUN
909	2010	19	03	19	такой	ADJF
910	2010	19	03	19	замудрить	INFN
911	2010	19	03	19	если	CONJ
912	2010	19	03	19	понять	INFN
913	2010	19	03	19	привет	NOUN
914	2010	18	02	18	с	PREP
915	2010	18	02	18	днём	ADVB
916	2010	18	02	18	рождение	NOUN
917	2010	18	02	18	мой	ADJF
918	2010	18	02	18	дорогой	ADVB
919	2010	18	02	18	с	PREP
920	2010	18	02	18	днём	ADVB
921	2010	18	02	18	рождение	NOUN
922	2010	18	02	18	с	PREP
923	2010	18	02	18	днём	ADVB
924	2010	18	02	18	рождение	NOUN
925	2010	18	02	17	с	PREP
926	2010	18	02	17	днём	ADVB
927	2010	18	02	17	рождение	NOUN
928	2010	18	02	17	с	PREP
929	2010	18	02	17	днём	ADVB
930	2010	18	02	17	рождение	NOUN
931	2010	18	02	16	с	PREP
932	2010	18	02	16	днём	ADVB
933	2010	18	02	16	рождение	NOUN
934	2010	18	02	15	с	PREP
935	2010	18	02	15	днём	ADVB
936	2010	18	02	15	рождение	NOUN
937	2010	18	02	15	милый	ADJF
938	2010	18	02	15	всего	ADVB
939	2010	18	02	15	всего	ADVB
940	2010	18	02	15	ты	NPRO
941	2010	18	02	15	с	PREP
942	2010	18	02	15	днём	ADVB
943	2010	18	02	15	рождение	NOUN
944	2010	18	02	15	алишек	NOUN
945	2010	18	02	15	с	PREP
946	2010	18	02	15	днём	ADVB
947	2010	18	02	15	рождение	NOUN
948	2010	18	02	15	ты	NPRO
949	2010	18	02	15	родной	ADJF
950	2010	18	02	15	мой	ADJF
951	2010	18	02	15	любовь	NOUN
952	2010	18	02	15	ты	NPRO
953	2010	18	02	15	и	CONJ
954	2010	18	02	15	счастие	NOUN
955	2010	18	02	14	с	PREP
956	2010	18	02	14	днюха	NOUN
957	2010	18	02	14	пельмешек	NOUN
958	2010	18	02	14	рость	NOUN
959	2010	18	02	14	не	PRCL
960	2010	18	02	14	желать	INFN
961	2010	18	02	14	и	CONJ
962	2010	18	02	14	так	CONJ
963	2010	18	02	14	высокий	ADJF
964	2010	18	02	14	а	CONJ
965	2010	18	02	14	вот	PRCL
966	2010	18	02	14	счастие	NOUN
967	2010	18	02	14	вагон	NOUN
968	2010	18	02	14	и	CONJ
969	2010	18	02	14	маленькая	ADJF
970	2010	18	02	14	тележка	NOUN
971	2010	18	02	14	с	PREP
972	2010	18	02	14	днём	ADVB
973	2010	18	02	14	рождение	NOUN
974	2010	18	02	13	с	PREP
975	2010	18	02	13	днём	ADVB
976	2010	18	02	13	рождение	NOUN
977	2010	18	02	13	дорогой	ADVB
978	2010	18	02	11	с	PREP
979	2010	18	02	11	днём	ADVB
980	2010	18	02	11	рожденияалишка	NOUN
981	2010	18	02	11	с	PREP
982	2010	18	02	11	днюшка	NOUN
983	2010	18	02	11	ты	NPRO
984	2010	18	02	11	милый	ADJF
985	2010	18	02	11	я	NPRO
986	2010	18	02	11	ты	NPRO
987	2010	18	02	11	уже	ADVB
988	2010	18	02	11	сегодяный	ADJF
989	2010	18	02	11	поздравить	INFN
990	2010	18	02	11	но	CONJ
991	2010	18	02	11	вс	NOUN
992	2010	18	02	11	равно	CONJ
993	2010	18	02	11	ещё	ADVB
994	2010	18	02	11	раз	NOUN
995	2010	18	02	11	значит	CONJ
996	2010	18	02	11	так	CONJ
997	2010	18	02	11	алин	NOUN
998	2010	18	02	11	поздравлять	INFN
999	2010	18	02	11	тебять	NOUN
1000	2010	18	02	11	с	PREP
1001	2010	18	02	11	днём	ADVB
1002	2010	18	02	11	рождение	NOUN
1003	2010	18	02	11	желать	INFN
1004	2010	18	02	11	ты	NPRO
1005	2010	18	02	11	всего	ADVB
1006	2010	18	02	11	самый	ADJF
1007	2010	18	02	11	самочь	NOUN
1008	2010	18	02	11	хороший	ADJF
1009	2010	18	02	11	чтоб	CONJ
1010	2010	18	02	11	у	PREP
1011	2010	18	02	11	ты	NPRO
1012	2010	18	02	11	в	PREP
1013	2010	18	02	11	личный	ADJF
1014	2010	18	02	11	жизнь	NOUN
1015	2010	18	02	11	в	PREP
1016	2010	18	02	11	семья	NOUN
1017	2010	18	02	11	в	PREP
1018	2010	18	02	11	школа	NOUN
1019	2010	18	02	11	с	PREP
1020	2010	18	02	11	друг	NOUN
1021	2010	18	02	11	весь	ADJF
1022	2010	18	02	11	быть	INFN
1023	2010	18	02	11	хорошо	ADVB
1024	2010	18	02	11	просто	PRCL
1025	2010	18	02	11	замечательный	ADJF
1026	2010	18	02	11	чтоб	CONJ
1027	2010	18	02	11	друзейть	INFN
1028	2010	18	02	11	у	PREP
1029	2010	18	02	11	ты	NPRO
1030	2010	18	02	11	много	ADVB
1031	2010	18	02	11	быть	INFN
1032	2010	18	02	11	и	CONJ
1033	2010	18	02	11	вообщечтоб	NOUN
1034	2010	18	02	11	у	PREP
1035	2010	18	02	11	ты	NPRO
1036	2010	18	02	11	быть	INFN
1037	2010	18	02	11	весь	ADJF
1038	2010	18	02	11	только	PRCL
1039	2010	18	02	11	хороший	ADJF
1040	2010	18	02	11	радостный	ADJF
1041	2010	18	02	11	и	CONJ
1042	2010	18	02	11	веслой	NOUN
1043	2010	18	02	10	с	PREP
1044	2010	18	02	10	днём	ADVB
1045	2010	18	02	10	рождение	NOUN
1046	2010	18	02	09	с	PREP
1047	2010	18	02	09	бёздник	NOUN
1048	2010	18	02	09	ты	NPRO
1049	2010	18	02	09	алинк	NOUN
1050	2010	18	02	09	с	PREP
1051	2010	18	02	09	днюха	NOUN
1052	2010	18	02	09	тя	None
1053	2010	18	02	09	с	PREP
1054	2010	18	02	09	днём	ADVB
1055	2010	18	02	09	рождение	NOUN
1056	2010	18	02	09	с	PREP
1057	2010	18	02	09	днём	ADVB
1058	2010	18	02	09	рождение	NOUN
1059	2010	18	02	09	с	PREP
1060	2010	18	02	09	днём	ADVB
1061	2010	18	02	09	рождение	NOUN
1062	2010	18	02	09	с	PREP
1063	2010	18	02	09	днём	ADVB
1064	2010	18	02	09	рождение	NOUN
1065	2010	18	02	09	с	PREP
1066	2010	18	02	09	днём	ADVB
1067	2010	18	02	09	рождение	NOUN
1068	2010	18	02	09	с	PREP
1069	2010	18	02	09	днём	ADVB
1070	2010	18	02	09	рождение	NOUN
1071	2010	18	02	09	с	PREP
1072	2010	18	02	09	днём	ADVB
1073	2010	18	02	09	рождение	NOUN
1074	2010	18	02	09	зайка	NOUN
1075	2010	18	02	09	мой	ADJF
1076	2010	18	02	09	всего	ADVB
1077	2010	18	02	09	ты	NPRO
1078	2010	18	02	09	всего	ADVB
1079	2010	18	02	09	блин	INTJ
1080	2010	18	02	09	что	CONJ
1081	2010	18	02	09	ещё	ADVB
1082	2010	18	02	09	строчить	INFN
1083	2010	18	02	09	ааслушаться	INFN
1084	2010	18	02	09	родитель	NOUN
1085	2010	18	02	09	и	CONJ
1086	2010	18	02	09	я	NPRO
1087	2010	18	02	09	тоже	ADVB
1088	2010	18	02	09	ещё	ADVB
1089	2010	18	02	09	чтобы	CONJ
1090	2010	18	02	09	у	PREP
1091	2010	18	02	09	злобин	NOUN
1092	2010	18	02	09	двойка	NOUN
1093	2010	18	02	09	не	PRCL
1094	2010	18	02	09	получать	INFN
1095	2010	18	02	09	ну	PRCL
1096	2010	18	02	09	вообщий	ADJF
1097	2010	18	02	09	с	PREP
1098	2010	18	02	09	днём	ADVB
1099	2010	18	02	09	рождение	NOUN
1100	2010	18	02	08	с	PREP
1101	2010	18	02	08	днём	ADVB
1102	2010	18	02	08	рождение	NOUN
1103	2010	18	02	08	с	PREP
1104	2010	18	02	08	днём	ADVB
1105	2010	18	02	08	рождение	NOUN
1106	2010	18	02	08	желать	INFN
1107	2010	18	02	08	всего	ADVB
1108	2010	18	02	08	всего	ADVB
1109	2010	18	02	08	и	CONJ
1110	2010	18	02	08	большой	ADJF
1111	2010	18	02	08	зайка	NOUN
1112	2010	18	02	08	с	PREP
1113	2010	18	02	08	днём	ADVB
1114	2010	18	02	08	рождение	NOUN
1115	2010	18	02	08	мой	ADJF
1116	2010	18	02	08	милый	ADJF
1117	2010	18	02	08	всегога	NOUN
1118	2010	18	02	08	ты	NPRO
1119	2010	18	02	08	самый	ADJF
1120	2010	18	02	08	светлогохоронуть	INFN
1121	2010	18	02	08	успех	NOUN
1122	2010	18	02	08	в	PREP
1123	2010	18	02	08	учебесчастьямный	ADJF
1124	2010	18	02	08	друг	NOUN
1125	2010	18	02	08	любить	INFN
1126	2010	18	02	08	ты	NPRO
1127	2010	18	02	08	мой	ADJF
1128	2010	18	02	08	прелесть	NOUN
1129	2010	18	02	07	с	PREP
1130	2010	18	02	07	др	NOUN
1131	2010	18	02	07	с	PREP
1132	2010	18	02	07	днюшка	NOUN
1133	2010	18	02	07	ты	NPRO
1134	2010	18	02	05	с	PREP
1135	2010	18	02	05	днём	ADVB
1136	2010	18	02	05	рождение	NOUN
1137	2010	18	02	04	паздравлять	INFN
1138	2010	18	02	04	с	PREP
1139	2010	18	02	04	днём	ADVB
1140	2010	18	02	04	варение	NOUN
1141	2010	18	02	04	хорошеть	INFN
1142	2010	18	02	04	ты	NPRO
1143	2010	18	02	04	учёба	NOUN
1144	2010	18	02	04	крепкий	ADJF
1145	2010	18	02	04	здоровье	NOUN
1146	2010	18	02	04	и	CONJ
1147	2010	18	02	04	надёжный	ADJF
1148	2010	18	02	04	друг	NOUN
1149	2010	16	02	19	этот	ADJF
1150	2010	16	02	19	песня	NOUN
1151	2010	14	02	20	это	PRCL
1152	2010	14	02	20	ты	NPRO
1153	2010	14	02	15	с	PREP
1154	2010	14	02	15	днём	ADVB
1155	2010	14	02	15	весь	ADJF
1156	2010	14	02	15	влюбить	INFN
1157	2010	14	02	15	милый	ADJF
1158	2010	14	02	15	солнышко	NOUN
1159	2010	14	02	15	слушай	INTJ
1160	2010	14	02	15	милый	ADJF
1161	2010	14	02	15	песенка	NOUN
1162	2010	14	02	15	в	PREP
1163	2010	14	02	15	открытка	NOUN
1164	2010	14	02	10	люблтести	NOUN
1165	2010	14	02	10	дорогаямыть	INFN
1166	2010	14	02	10	с	PREP
1167	2010	14	02	10	днём	ADVB
1168	2010	14	02	10	святовый	NOUN
1169	2010	14	02	10	валентин	NOUN
1170	2010	14	02	10	дорогой	ADVB
1171	2010	14	02	10	спасибо	INTJ
1172	2010	14	02	10	так	CONJ
1173	2010	14	02	10	мило	ADVB
1174	2010	14	02	10	спасиб	NOUN
1175	2010	14	02	10	за	PREP
1176	2010	14	02	10	поздравление	NOUN
1177	2010	14	02	10	это	PRCL
1178	2010	14	02	10	ты	NPRO
1179	2010	13	02	21	ава	NOUN
1180	2010	13	02	21	класс	NOUN
1181	2010	13	02	18	ня	None
1182	2010	13	02	18	кушать	INFN
1183	2010	12	02	20	лава	NOUN
1184	2010	12	02	20	тя	None
1185	2010	12	02	20	при	PREP
1186	2010	12	02	20	любить	INFN
1187	2010	12	02	19	спасибо	INTJ
1188	2010	12	02	19	мой	ADJF
1189	2010	12	02	19	хороший	ADJF
1190	2010	05	02	20	какой	ADJF
1191	2010	05	02	20	ти	NOUN
1192	2010	05	02	20	умный	ADJF
1193	2010	05	02	20	а	CONJ
1194	2010	05	02	20	я	NPRO
1195	2010	05	02	20	любить	INFN
1196	2010	05	02	20	сладкое	NOUN
1197	2010	05	02	20	красный	ADJF
1198	2010	05	02	20	ням	None
1199	2010	05	02	20	ням	None
1200	2010	05	02	20	вкусно	ADVB
1201	2010	05	02	20	тип	NOUN
1202	2010	05	02	20	яблоко	NOUN
1203	2010	05	02	20	оо	None
1204	2010	05	02	20	че	None
1205	2010	05	02	20	жевать	INFN
1206	2010	05	02	20	переписываться	INFN
1207	2010	05	02	20	окей	NOUN
1208	2010	05	02	20	чем	CONJ
1209	2010	05	02	20	маяться	INFN
1210	2010	05	02	20	помимо	PREP
1211	2010	05	02	20	контакт	NOUN
1212	2010	05	02	20	зася	NOUN
1213	2010	05	02	20	а	CONJ
1214	2010	05	02	20	у	PREP
1215	2010	05	02	20	тя	None
1216	2010	05	02	20	привет	NOUN
1217	2010	05	02	20	родной	ADJF
1218	2010	04	02	20	поздравлять	INFN
1219	2010	04	02	20	\\	None
1220	2010	04	02	20	""""""""""	None
1221	2010	31	01	21	ну	PRCL
1222	2010	31	01	21	да	PRCL
1223	2010	31	01	21	ну	PRCL
1224	2010	31	01	21	да	PRCL
1225	2010	31	01	21	спасибо	INTJ
1226	2010	31	01	21	милый	ADJF
1227	2010	31	01	21	на	PREP
1228	2010	31	01	21	сайт	NOUN
1229	2010	31	01	21	дада	NOUN
1230	2010	31	01	21	я	NPRO
1231	2010	31	01	21	такой	ADJF
1232	2010	31	01	21	и	CONJ
1233	2010	31	01	21	не	PRCL
1234	2010	31	01	21	какой	ADJF
1235	2010	31	01	21	краситель	NOUN
1236	2010	31	01	21	какой	ADJF
1237	2010	31	01	21	ты	NPRO
1238	2010	31	01	21	витя	NOUN
1239	2010	31	01	21	добрый	ADJF
1240	2010	31	01	20	не	PRCL
1241	2010	31	01	20	прощать	INFN
1242	2010	31	01	20	расстрелять	INFN
1243	2010	31	01	20	ян	NOUN
1244	2010	31	01	16	ты	NPRO
1245	2010	31	01	16	сюрприз	NOUN
1246	2010	31	01	16	кликнуть	INFN
1247	2010	31	01	16	по	PREP
1248	2010	31	01	16	картинка	NOUN
1249	2010	31	01	15	уже	ADVB
1250	2010	31	01	15	написать	INFN
1251	2010	31	01	14	ахахахха	NOUN
1252	2010	31	01	14	название	NOUN
1253	2010	31	01	14	продукт	NOUN
1254	2010	31	01	14	приветик	NOUN
1255	2010	31	01	14	ты	NPRO
1256	2010	31	01	14	знаешь	CONJ
1257	2010	31	01	14	еда	NOUN
1258	2010	31	01	14	на	PREP
1259	2010	31	01	14	буква	NOUN
1260	2010	31	01	14	наш	ADJF
1261	2010	31	01	11	хах	None
1262	2010	31	01	11	пасиб	NOUN
1263	2010	31	01	11	солнце	NOUN
1264	2010	29	01	21	хотеть	INFN
1265	2010	29	01	21	сказатить	INFN
1266	2010	29	01	21	тобі	None
1267	2010	29	01	21	по	PREP
1268	2010	29	01	21	секркт	NOUN
1269	2010	29	01	21	дивиться	INFN
1270	2010	29	01	21	у	PREP
1271	2010	29	01	21	пункт	NOUN
1272	2010	29	01	21	ответ	NOUN
1273	2010	29	01	21	там	ADVB
1274	2010	29	01	21	пункт	NOUN
1275	2010	29	01	21	не	PRCL
1276	2010	29	01	21	сердиться	INFN
1277	2010	29	01	21	смотреть	INFN
1278	2010	29	01	21	хороший	ADJF
1279	2010	29	01	21	пункт	NOUN
1280	2010	29	01	21	успокоиться	INFN
1281	2010	29	01	21	не	PRCL
1282	2010	29	01	21	сходить	INFN
1283	2010	29	01	21	с	PREP
1284	2010	29	01	21	ум	NOUN
1285	2010	29	01	21	смотреть	INFN
1286	2010	29	01	21	пункт	NOUN
1287	2010	29	01	21	сначала	ADVB
1288	2010	29	01	21	посмотреть	INFN
1289	2010	29	01	21	пункт	NOUN
1290	2010	29	01	21	не	PRCL
1291	2010	29	01	21	злиться	INFN
1292	2010	29	01	21	пожалуйста	PRCL
1293	2010	29	01	21	смотреть	INFN
1294	2010	29	01	21	пункт	NOUN
1295	2010	29	01	21	просто	PRCL
1296	2010	29	01	21	хотеть	INFN
1297	2010	29	01	21	сказать	INFN
1298	2010	29	01	21	привет	NOUN
1299	2010	29	01	21	я	NPRO
1300	2010	29	01	21	хотеть	INFN
1301	2010	29	01	21	сказать	INFN
1302	2010	29	01	21	ты	NPRO
1303	2010	29	01	21	ответ	NOUN
1304	2010	29	01	21	в	PREP
1305	2010	29	01	21	пункт	NOUN
1306	2010	29	01	21	быть	INFN
1307	2010	29	01	21	терпеливый	ADJF
1308	2010	29	01	21	смотреть	INFN
1309	2010	29	01	21	пункт	NOUN
1310	2010	29	01	21	это	PRCL
1311	2010	29	01	21	последний	ADJF
1312	2010	29	01	21	раз	NOUN
1313	2010	29	01	21	когда	CONJ
1314	2010	29	01	21	я	NPRO
1315	2010	29	01	21	делать	INFN
1316	2010	29	01	21	это	PRCL
1317	2010	29	01	21	смотреть	INFN
1318	2010	29	01	21	пункт	NOUN
1319	2010	29	01	21	это	PRCL
1320	2010	29	01	21	не	PRCL
1321	2010	29	01	21	страшно	ADVB
1322	2010	29	01	21	просто	PRCL
1323	2010	29	01	21	смотреть	INFN
1324	2010	29	01	21	пункт	NOUN
1325	2010	29	01	21	извинить	INFN
1326	2010	29	01	21	но	CONJ
1327	2010	29	01	21	смотреть	INFN
1328	2010	29	01	21	пункт	NOUN
1329	2010	29	01	21	ну	PRCL
1330	2010	29	01	21	что	CONJ
1331	2010	29	01	21	ж	CONJ
1332	2010	29	01	21	смотреть	INFN
1333	2010	29	01	21	пункт	NOUN
1334	2010	29	01	21	не	PRCL
1335	2010	29	01	21	знать	INFN
1336	2010	29	01	21	как	CONJ
1337	2010	29	01	21	и	CONJ
1338	2010	29	01	21	сказать	INFN
1339	2010	29	01	21	но	CONJ
1340	2010	29	01	21	смотреть	INFN
1341	2010	29	01	21	пункт	NOUN
1342	2010	29	01	21	ты	NPRO
1343	2010	29	01	21	должный	ADJF
1344	2010	29	01	21	быть	INFN
1345	2010	29	01	21	и	CONJ
1346	2010	29	01	21	правда	PRCL
1347	2010	29	01	21	рассердить	INFN
1348	2010	29	01	21	смотреть	INFN
1349	2010	29	01	21	пункт	NOUN
1350	2010	28	01	22	привет	NOUN
1351	2010	28	01	20	у	PREP
1352	2010	28	01	20	я	NPRO
1353	2010	28	01	20	мама	NOUN
1354	2010	28	01	20	телефон	NOUN
1355	2010	28	01	20	забрать	INFN
1356	2010	28	01	20	просто	PRCL
1357	2010	28	01	20	решить	INFN
1358	2010	28	01	20	сперва	ADVB
1359	2010	28	01	20	я	NPRO
1360	2010	28	01	20	загрызть	INFN
1361	2010	28	01	20	а	CONJ
1362	2010	28	01	20	потом	ADVB
1363	2010	28	01	20	телефон	NOUN
1364	2010	28	01	20	забрать	INFN
1365	2010	28	01	20	телефон	NOUN
1366	2010	28	01	20	быстро	ADVB
1367	2010	28	01	20	положить	INFN
1368	2010	27	01	23	привет	NOUN
1369	2010	27	01	21	привет	NOUN
1370	2010	27	01	21	""""	None
1371	2010	27	01	21	козлихо	NOUN
1372	2010	27	01	21	""""	None
1373	2010	27	01	21	как	CONJ
1374	2010	27	01	21	ты	NPRO
1375	2010	27	01	15	как	CONJ
1376	2010	27	01	15	ты	NPRO
1377	2010	27	01	15	мой	ADJF
1378	2010	27	01	15	ава	NOUN
1379	2010	27	01	15	зая	None
1380	2010	26	01	19	кликнуть	INFN
1381	2010	26	01	19	по	PREP
1382	2010	26	01	19	коробка	NOUN
1383	2010	26	01	14	ага	INTJ
1384	2010	26	01	10	а	CONJ
1385	2010	26	01	10	это	PRCL
1386	2010	26	01	10	тихий	ADJF
1387	2010	25	01	22	спасибо	INTJ
1388	2010	25	01	22	огромный	ADJF
1389	2010	25	01	20	блин	INTJ
1390	2010	25	01	20	давать	INFN
1391	2010	25	01	20	писать	INFN
1392	2010	25	01	20	нормальный	ADJF
1393	2010	25	01	20	это	PRCL
1394	2010	25	01	20	ты	NPRO
1395	2010	25	01	20	козлихаа	NOUN
1396	2010	25	01	20	я	NPRO
1397	2010	25	01	20	рубцов	NOUN
1398	2010	25	01	20	понять	INFN
1399	2010	25	01	20	что	CONJ
1400	2010	25	01	20	ну	PRCL
1401	2010	25	01	20	да	PRCL
1402	2010	25	01	20	козлихо	NOUN
1403	2010	25	01	20	ты	NPRO
1404	2010	25	01	20	вот	PRCL
1405	2010	25	01	20	я	NPRO
1406	2010	25	01	20	гарантировать	INFN
1407	2010	25	01	20	угадать	INFN
1408	2010	25	01	20	ткакий	NOUN
1409	2010	25	01	20	у	PREP
1410	2010	25	01	20	я	NPRO
1411	2010	25	01	20	у	PREP
1412	2010	25	01	20	велта	NOUN
1413	2010	25	01	20	по	PREP
1414	2010	25	01	20	крайний	ADJF
1415	2010	25	01	20	мера	NOUN
1416	2010	25	01	20	отличный	ADJF
1417	2010	25	01	20	если	CONJ
1418	2010	25	01	20	она	NPRO
1419	2010	25	01	20	скачать	INFN
1420	2010	25	01	20	как	CONJ
1421	2010	25	01	20	дура	NOUN
1422	2010	25	01	20	бля	INTJ
1423	2010	25	01	20	энерджайзер	NOUN
1424	2010	25	01	20	как	CONJ
1425	2010	25	01	20	твой	ADJF
1426	2010	25	01	20	дело	NOUN
1427	2010	25	01	20	чем	CONJ
1428	2010	25	01	20	заниматься	INFN
1429	2010	25	01	20	как	CONJ
1430	2010	25	01	20	ты	NPRO
1431	2010	25	01	20	привет	NOUN
1432	2010	25	01	20	дорогой	ADVB
1433	2010	25	01	19	привет	NOUN
1434	2010	25	01	19	пасиб	NOUN
1435	2010	25	01	19	ты	NPRO
1436	2010	25	01	19	такой	ADJF
1437	2010	25	01	19	заботливый	ADJF
1438	2010	25	01	19	я	NPRO
1439	2010	25	01	19	исключение	NOUN
1440	2010	25	01	19	или	CONJ
1441	2010	25	01	19	я	NPRO
1442	2010	25	01	19	нада	NOUN
1443	2010	25	01	19	идти	INFN
1444	2010	25	01	19	покупать	INFN
1445	2010	25	01	19	билет	NOUN
1446	2010	25	01	19	в	PREP
1447	2010	25	01	19	жопа	NOUN
1448	2010	25	01	18	ты	NPRO
1449	2010	25	01	18	каго	NOUN
1450	2010	25	01	18	там	ADVB
1451	2010	25	01	18	в	PREP
1452	2010	25	01	18	жопа	NOUN
1453	2010	25	01	18	посылать	INFN
1454	2010	25	01	18	а	CONJ
1455	2010	25	01	18	сказать	INFN
1456	2010	25	01	18	я	NPRO
1457	2010	25	01	18	тоже	ADVB
1458	2010	25	01	18	послать	INFN
1459	2010	25	01	16	спасибо	INTJ
1460	2010	25	01	12	это	PRCL
1461	2010	25	01	12	я	NPRO
1462	2010	25	01	00	спокойный	ADJF
1463	2010	25	01	00	ночь	NOUN
1464	2010	25	01	00	дорогой	ADVB
1465	2010	25	01	00	сладкое	NOUN
1466	2010	25	01	00	сон	NOUN
1467	2010	25	01	00	не	PRCL
1468	2010	25	01	00	фига	NOUN
1469	2010	25	01	00	ты	NPRO
1470	2010	25	01	00	блин	INTJ
1471	2010	25	01	00	давать	INFN
1472	2010	25	01	00	ну	PRCL
1473	2010	25	01	00	ты	NPRO
1474	2010	25	01	00	давать	INFN
1475	2010	25	01	00	попровляться	INFN
1476	2010	25	01	00	весь	ADJF
1477	2010	25	01	00	быть	INFN
1478	2010	25	01	00	круто	ADVB
1479	2010	25	01	00	и	CONJ
1480	2010	25	01	00	на	PREP
1481	2010	25	01	00	тренировка	NOUN
1482	2010	25	01	00	тоже	ADVB
1483	2010	25	01	00	ходить	INFN
1484	2010	25	01	00	быть	INFN
1485	2010	25	01	00	я	NPRO
1486	2010	25	01	00	тоже	ADVB
1487	2010	25	01	00	в	PREP
1488	2010	25	01	00	вт	NOUN
1489	2010	25	01	00	не	PRCL
1490	2010	25	01	00	прийти	INFN
1491	2010	25	01	00	у	PREP
1492	2010	25	01	00	я	NPRO
1493	2010	25	01	00	англ	NOUN
1494	2010	25	01	00	нуууэтый	ADJF
1495	2010	25	01	00	бывать	INFN
1496	2010	25	01	00	так	CONJ
1497	2010	25	01	00	у	PREP
1498	2010	25	01	00	весь	ADJF
1499	2010	25	01	00	не	PRCL
1500	2010	25	01	00	ты	NPRO
1501	2010	25	01	00	один	ADJF
1502	2010	25	01	00	дааааий	NOUN
1503	2010	25	01	00	то	CONJ
1504	2010	25	01	00	надо	PRED
1505	2010	25	01	00	держать	INFN
1506	2010	25	01	00	в	PREP
1507	2010	25	01	00	кулак	NOUN
1508	2010	25	01	00	ты	NPRO
1509	2010	25	01	00	в	PREP
1510	2010	25	01	00	вт	NOUN
1511	2010	25	01	00	идти	INFN
1512	2010	25	01	00	на	PREP
1513	2010	25	01	00	тренька	ADJS
1514	2010	25	01	00	уумилый	ADJF
1515	2010	25	01	00	мой	ADJF
1516	2010	25	01	00	я	NPRO
1517	2010	25	01	00	тоже	ADVB
1518	2010	25	01	00	по	PREP
1519	2010	25	01	00	ты	NPRO
1520	2010	25	01	00	соскучиться	INFN
1521	2010	25	01	00	кстати	CONJ
1522	2010	25	01	00	да	PRCL
1523	2010	25	01	00	давно	ADVB
1524	2010	25	01	00	е	NOUN
1525	2010	25	01	00	видилися	NOUN
1526	2010	25	01	00	надо	PRED
1527	2010	25	01	00	встретиться	INFN
1528	2010	25	01	00	я	NPRO
1529	2010	25	01	00	по	PREP
1530	2010	25	01	00	тихонёчек	NOUN
1531	2010	25	01	00	ты	NPRO
1532	2010	25	01	00	как	CONJ
1533	2010	24	01	23	я	NPRO
1534	2010	24	01	23	ты	NPRO
1535	2010	24	01	23	любить	INFN
1536	2010	24	01	23	я	NPRO
1537	2010	24	01	23	вообще	ADVB
1538	2010	24	01	23	не	PRCL
1539	2010	24	01	23	представлять	INFN
1540	2010	24	01	23	свой	ADJF
1541	2010	24	01	23	жизнь	NOUN
1542	2010	24	01	23	без	PREP
1543	2010	24	01	23	ты	NPRO
1544	2010	24	01	23	ты	NPRO
1545	2010	24	01	23	ты	NPRO
1546	2010	24	01	23	смысл	NOUN
1547	2010	24	01	23	мой	ADJF
1548	2010	24	01	23	жизнь	NOUN
1549	2010	24	01	23	сказать	INFN
1550	2010	24	01	23	кролик	NOUN
1551	2010	24	01	23	морковка	NOUN
1552	2010	24	01	23	и	CONJ
1553	2010	24	01	23	съесть	INFN
1554	2010	24	01	23	её	ADJF
1555	2010	24	01	23	а	CONJ
1556	2010	24	01	23	я	NPRO
1557	2010	24	01	22	пасиб	NOUN
1558	2010	24	01	21	привет	NOUN
1559	2010	24	01	21	дорогой	ADVB
1560	2010	24	01	21	как	CONJ
1561	2010	24	01	21	ты	NPRO
1562	2010	24	01	20	я	NPRO
1563	2010	24	01	20	тя	None
1564	2010	24	01	20	тоже	ADVB
1565	2010	23	01	23	муррра	NOUN
1566	2010	23	01	22	бяяяяяяяяяяяяяяяяяяяяяяяяяяяяяяяяяяяяяяяяяяяяяяяяяяяяять	INFN
1567	2010	23	01	21	прива	NOUN
1568	2010	23	01	20	поч	None
1569	2010	23	01	20	не	PRCL
1570	2010	23	01	20	знаещь	NOUN
1571	2010	23	01	20	завтра	ADVB
1572	2010	23	01	20	идти	INFN
1573	2010	23	01	20	на	PREP
1574	2010	23	01	20	моссовой	NOUN
1575	2010	23	01	19	вот	PRCL
1576	2010	23	01	19	такой	ADJF
1577	2010	23	01	19	видео	NOUN
1578	2010	23	01	19	ущу	None
1579	2010	23	01	19	стиль	NOUN
1580	2010	23	01	19	локинг	NOUN
1581	2010	23	01	18	чем	CONJ
1582	2010	23	01	18	маяться	INFN
1583	2010	22	01	23	хорошо	ADVB
1584	2010	22	01	23	весь	ADJF
1585	2010	22	01	23	сессия	NOUN
1586	2010	22	01	23	закрыыыть	INFN
1587	2010	22	01	22	это	PRCL
1588	2010	22	01	22	твой	ADJF
1589	2010	22	01	22	имя	NOUN
1590	2010	22	01	22	и	CONJ
1591	2010	22	01	22	фамилия	NOUN
1592	2010	22	01	22	твой	ADJF
1593	2010	22	01	22	любимый	ADJF
1594	2010	22	01	22	цитата	NOUN
1595	2010	22	01	22	и	CONJ
1596	2010	22	01	22	информация	NOUN
1597	2010	22	01	22	о	PREP
1598	2010	22	01	22	себя	NPRO
1599	2010	22	01	22	это	PRCL
1600	2010	22	01	22	я	NPRO
1601	2010	22	01	22	убить	INFN
1602	2010	22	01	22	выстрел	NOUN
1603	2010	22	01	22	в	PREP
1604	2010	22	01	22	упор	NOUN
1605	2010	22	01	22	я	NPRO
1606	2010	22	01	22	поражаться	INFN
1607	2010	22	01	22	твой	ADJF
1608	2010	22	01	22	воображение	NOUN
1609	2010	21	01	21	ты	NPRO
1610	2010	21	01	21	освободиться	INFN
1611	2010	21	01	20	конечно	CONJ
1612	2010	21	01	20	нормуля	NOUN
1613	2010	21	01	20	прорваться	INFN
1614	2010	21	01	20	ладный	ADJF
1615	2010	21	01	20	я	NPRO
1616	2010	21	01	20	в	PREP
1617	2010	21	01	20	душа	GRND
1618	2010	21	01	20	у	PREP
1619	2010	21	01	20	я	NPRO
1620	2010	21	01	20	ещё	ADVB
1621	2010	21	01	20	весь	ADJF
1622	2010	21	01	20	ночь	NOUN
1623	2010	21	01	20	впереди	ADVB
1624	2010	21	01	20	ща	None
1625	2010	21	01	20	пока	ADVB
1626	2010	21	01	20	голова	NOUN
1627	2010	21	01	20	помыть	INFN
1628	2010	21	01	20	пока	ADVB
1629	2010	21	01	20	до	PREP
1630	2010	21	01	20	квартира	NOUN
1631	2010	21	01	20	дойти	INFN
1632	2010	21	01	20	пасиб	NOUN
1633	2010	21	01	20	ти	NOUN
1634	2010	21	01	20	тоже	ADVB
1635	2010	21	01	20	я	NPRO
1636	2010	21	01	20	то	CONJ
1637	2010	21	01	20	тож	None
1638	2010	21	01	20	лю	None
1639	2010	21	01	20	так	CONJ
1640	2010	21	01	20	себя	NPRO
1641	2010	21	01	20	не	PRCL
1642	2010	21	01	20	мочь	NOUN
1643	2010	21	01	20	сесть	INFN
1644	2010	21	01	20	доучитвать	INFN
1645	2010	21	01	20	экзамен	NOUN
1646	2010	21	01	20	завтрашний	ADJF
1647	2010	21	01	20	ты	NPRO
1648	2010	21	01	20	как	CONJ
1649	2010	21	01	19	ещё	ADVB
1650	2010	21	01	19	раз	NOUN
1651	2010	21	01	19	и	CONJ
1652	2010	21	01	19	пойти	INFN
1653	2010	21	01	19	поговорить	INFN
1654	2010	21	01	19	как	CONJ
1655	2010	21	01	19	следовать	INFN
1656	2010	21	01	12	да	PRCL
1657	2010	21	01	12	не	PRCL
1658	2010	21	01	12	знать	INFN
1659	2010	21	01	12	просто	PRCL
1660	2010	21	01	12	дом	NOUN
1661	2010	21	01	12	новый	ADJF
1662	2010	21	01	12	весь	ADJF
1663	2010	21	01	12	ремонт	NOUN
1664	2010	21	01	12	делать	INFN
1665	2010	21	01	12	это	PRCL
1666	2010	21	01	12	конечно	CONJ
1667	2010	21	01	12	нормальный	ADJF
1668	2010	21	01	12	но	CONJ
1669	2010	21	01	12	не	PRCL
1670	2010	21	01	12	с	PREP
1671	2010	21	01	12	семь	NUMR
1672	2010	21	01	12	же	PRCL
1673	2010	21	01	12	утро	NOUN
1674	2010	21	01	12	и	CONJ
1675	2010	21	01	12	до	PREP
1676	2010	21	01	12	одиннадцать	NUMR
1677	2010	21	01	12	вечер	NOUN
1678	2010	20	01	16	на	PREP
1679	2010	20	01	16	иврит	NOUN
1680	2010	20	01	16	это	PRCL
1681	2010	20	01	16	значит	CONJ
1682	2010	20	01	16	я	NPRO
1683	2010	20	01	16	ты	NPRO
1684	2010	20	01	16	любить	INFN
1685	2010	20	01	16	אני	None
1686	2010	20	01	16	אוהב	None
1687	2010	20	01	16	אותך	None
1688	2010	19	01	21	написать	INFN
1689	2010	19	01	21	на	PREP
1690	2010	19	01	21	перемена	NOUN
1691	2010	19	01	21	ты	NPRO
1692	2010	19	01	21	я	NPRO
1693	2010	19	01	20	аааааааааааааааааааааа	NOUN
1694	2010	19	01	20	хотеть	INFN
1695	2010	19	01	20	бобикааааа	NOUN
1696	2010	19	01	20	на	PREP
1697	2010	19	01	20	др	NOUN
1698	2010	19	01	20	блин	INTJ
1699	2010	19	01	20	ты	NPRO
1700	2010	19	01	20	я	NPRO
1701	2010	19	01	20	песенка	NOUN
1702	2010	19	01	20	обещать	INFN
1703	2010	19	01	20	на	PREP
1704	2010	19	01	20	стен	NOUN
1705	2010	19	01	20	кинутие	NOUN
1706	2010	19	01	20	вообще	ADVB
1707	2010	19	01	20	освободить	INFN
1708	2010	19	01	20	телефон	NOUN
1709	2010	19	01	20	ну	PRCL
1710	2010	19	01	20	нет	PRED
1711	2010	19	01	20	я	NPRO
1712	2010	19	01	20	другой	ADJF
1713	2010	19	01	20	знать	INFN
1714	2010	19	01	20	но	CONJ
1715	2010	19	01	20	эт	None
1716	2010	19	01	20	секрет	NOUN
1717	2010	19	01	20	я	NPRO
1718	2010	19	01	20	один	ADJF
1719	2010	19	01	20	пацан	NOUN
1720	2010	19	01	20	задалбала	NOUN
1721	2010	19	01	20	я	NPRO
1722	2010	19	01	20	не	PRCL
1723	2010	19	01	20	че	None
1724	2010	19	01	20	не	PRCL
1725	2010	19	01	20	знать	INFN
1726	2010	19	01	20	ващий	ADJF
1727	2010	19	01	19	это	PRCL
1728	2010	19	01	19	да	PRCL
1729	2010	19	01	19	на	PREP
1730	2010	19	01	19	самый	ADJF
1731	2010	19	01	19	дело	NOUN
1732	2010	19	01	19	такой	ADJF
1733	2010	19	01	19	давно	ADVB
1734	2010	19	01	19	не	PRCL
1735	2010	19	01	19	быть	INFN
1736	2010	19	01	19	и	CONJ
1737	2010	19	01	19	я	NPRO
1738	2010	19	01	19	ты	NPRO
1739	2010	19	01	19	любить	INFN
1740	2010	19	01	19	хороший	ADJF
1741	2010	19	01	19	мой	ADJF
1742	2010	19	01	19	ну	PRCL
1743	2010	19	01	19	тоже	ADVB
1744	2010	19	01	19	ничё	NOUN
1745	2010	19	01	19	такой	ADJF
1746	2010	19	01	19	я	NPRO
1747	2010	19	01	19	всегда	ADVB
1748	2010	19	01	19	мечтать	INFN
1749	2010	19	01	19	о	PREP
1750	2010	19	01	19	платье	NOUN
1751	2010	19	01	19	найк	NOUN
1752	2010	19	01	19	по	PREP
1753	2010	19	01	19	я	NPRO
1754	2010	19	01	19	аидно	NOUN
1755	2010	19	01	19	не	PRCL
1756	2010	19	01	19	правда	PRCL
1757	2010	19	01	19	ли	PRCL
1758	2010	19	01	19	весь	ADJF
1759	2010	19	01	19	в	PREP
1760	2010	19	01	19	адик	NOUN
1761	2010	19	01	19	х	None
1762	2010	19	01	19	вот	PRCL
1763	2010	19	01	19	знать	INFN
1764	2010	19	01	19	о	PREP
1765	2010	19	01	19	себя	NPRO
1766	2010	19	01	19	весь	ADJF
1767	2010	19	01	19	правда	PRCL
1768	2010	19	01	19	не	PRCL
1769	2010	19	01	19	в	PREP
1770	2010	19	01	19	тема	NOUN
1771	2010	19	01	19	быть	INFN
1772	2010	19	01	19	сказать	INFN
1773	2010	19	01	19	но	CONJ
1774	2010	19	01	19	ещё	ADVB
1775	2010	19	01	19	в	PREP
1776	2010	19	01	19	прошлое	NOUN
1777	2010	19	01	19	воскресение	NOUN
1778	2010	19	01	19	я	NPRO
1779	2010	19	01	19	слюнка	NOUN
1780	2010	19	01	19	пускать	INFN
1781	2010	19	01	19	по	PREP
1782	2010	19	01	19	твой	ADJF
1783	2010	19	01	19	майк	NOUN
1784	2010	19	01	19	найковский	ADJF
1785	2010	19	01	19	а	CONJ
1786	2010	19	01	19	я	NPRO
1787	2010	19	01	19	ава	NOUN
1788	2010	19	01	19	твой	ADJF
1789	2010	19	01	19	нравиться	INFN
1790	2010	19	01	19	обожать	INFN
1791	2010	19	01	19	голубоглазый	ADJF
1792	2010	19	01	19	с	PREP
1793	2010	19	01	19	тёмный	ADJF
1794	2010	19	01	19	волос	NOUN
1795	2010	19	01	19	ама	NOUN
1796	2010	19	01	19	тащиться	INFN
1797	2010	19	01	16	это	PRCL
1798	2010	19	01	16	ты	NPRO
1799	2010	19	01	14	зайка	NOUN
1800	2010	19	01	14	я	NPRO
1801	2010	19	01	14	тоже	ADVB
1802	2010	19	01	14	скучать	INFN
1803	2010	19	01	14	простить	INFN
1804	2010	19	01	14	что	CONJ
1805	2010	19	01	14	не	PRCL
1806	2010	19	01	14	подарить	INFN
1807	2010	19	01	14	подарок	NOUN
1808	2010	19	01	14	у	PREP
1809	2010	19	01	14	я	NPRO
1810	2010	19	01	14	голос	NOUN
1811	2010	19	01	14	вообще	ADVB
1812	2010	19	01	14	нету	PRED
1813	2010	19	01	12	хороший	ADJF
1814	2010	19	01	12	ава	NOUN
1815	2010	18	01	22	спасибобольшоя	NOUN
1816	2010	18	01	22	я	NPRO
1817	2010	18	01	22	голос	NOUN
1818	2010	18	01	22	пополнютеб	NOUN
1819	2010	18	01	22	обязательно	ADVB
1820	2010	18	01	22	отправить	INFN
1821	2010	18	01	22	спасибо	INTJ
1822	2010	18	01	21	это	PRCL
1823	2010	18	01	21	ты	NPRO
1824	2010	18	01	21	это	PRCL
1825	2010	18	01	21	ты	NPRO
1826	2010	18	01	10	приветик	NOUN
1827	2010	18	01	10	как	CONJ
1828	2010	18	01	10	дело	NOUN
1829	2010	18	01	10	чем	CONJ
1830	2010	18	01	10	маяться	INFN
1831	2010	17	01	21	мена	NOUN
1832	2010	17	01	21	тоже	ADVB
1833	2010	17	01	21	а	CONJ
1834	2010	17	01	21	она	NPRO
1835	2010	17	01	21	у	PREP
1836	2010	17	01	21	я	NPRO
1837	2010	17	01	21	есть	INTJ
1838	2010	17	01	20	ужс	None
1839	2010	17	01	15	это	PRCL
1840	2010	17	01	15	ты	NPRO
1841	2010	15	01	22	послушать	INFN
1842	2010	15	01	22	она	NPRO
1843	2010	15	01	22	с	PREP
1844	2010	15	01	22	очень	ADVB
1845	2010	15	01	22	глубокий	ADJF
1846	2010	15	01	22	смысл	NOUN
1847	2010	15	01	22	подумать	INFN
1848	2010	15	01	22	я	NPRO
1849	2010	15	01	22	кажется	CONJ
1850	2010	15	01	22	она	NPRO
1851	2010	15	01	22	очень	ADVB
1852	2010	15	01	22	про	PREP
1853	2010	15	01	22	ты	NPRO
1854	2010	15	01	22	да	PRCL
1855	2010	15	01	22	на	PREP
1856	2010	15	01	22	здоровие	NOUN
1857	2010	15	01	22	ава	NOUN
1858	2010	15	01	22	супербла	None
1859	2010	15	01	22	ну	PRCL
1860	2010	15	01	22	пасиб	NOUN
1861	2010	15	01	22	ава	NOUN
1862	2010	15	01	22	супер	ADJF
1863	2010	15	01	22	я	NPRO
1864	2010	15	01	22	не	PRCL
1865	2010	15	01	22	художник	NOUN
1866	2010	15	01	22	но	CONJ
1867	2010	15	01	22	воть	INFN
1868	2010	15	01	22	что	CONJ
1869	2010	15	01	22	то	CONJ
1870	2010	15	01	22	нарисовать	INFN
1871	2010	15	01	21	приветик	NOUN
1872	2010	15	01	21	как	CONJ
1873	2010	15	01	21	дело	NOUN
1874	2010	15	01	21	чем	CONJ
1875	2010	15	01	21	маяться	INFN
1876	2010	15	01	20	я	NPRO
1877	2010	15	01	20	тошнить	INFN
1878	2010	15	01	20	ты	NPRO
1879	2010	15	01	20	я	NPRO
1880	2010	15	01	20	в	PREP
1881	2010	15	01	20	школа	NOUN
1882	2010	15	01	20	не	PRCL
1883	2010	15	01	20	видеть	INFN
1884	2010	15	01	20	аатака	NOUN
1885	2010	15	01	20	плохо	PRED
1886	2010	15	01	20	что	CONJ
1887	2010	15	01	20	делать	INFN
1888	2010	15	01	20	пофииигглавный	ADJF
1889	2010	15	01	20	скинуть	INFN
1890	2010	15	01	20	на	PREP
1891	2010	15	01	20	флех	NOUN
1892	2010	15	01	20	я	NPRO
1893	2010	15	01	20	весь	ADJF
1894	2010	15	01	20	весь	ADJF
1895	2010	15	01	20	весь	ADJF
1896	2010	15	01	20	привет	NOUN
1897	2010	15	01	20	лиш	None
1898	2010	15	01	20	как	CONJ
1899	2010	15	01	20	ты	NPRO
1900	2010	15	01	20	ладный	ADJF
1901	2010	15	01	20	ты	NPRO
1902	2010	15	01	20	я	NPRO
1903	2010	15	01	20	на	PREP
1904	2010	15	01	20	флех	NOUN
1905	2010	15	01	20	скинья	NOUN
1906	2010	15	01	20	выложить	INFN
1907	2010	15	01	20	весь	ADJF
1908	2010	15	01	20	так	CONJ
1909	2010	15	01	20	мало	ADVB
1910	2010	15	01	19	а	CONJ
1911	2010	15	01	19	что	CONJ
1912	2010	15	01	19	так	CONJ
1913	2010	15	01	19	мало	ADVB
1914	2010	15	01	19	фотка	NOUN
1915	2010	15	01	11	пустякккк	NOUN
1916	2010	15	01	11	приветик	NOUN
1917	2010	15	01	11	ава	NOUN
1918	2010	15	01	11	супер	ADJF
1919	2010	14	01	21	хах	None
1920	2010	08	01	16	аещё	ADVB
1921	2010	08	01	16	очень	ADVB
1922	2010	08	01	16	сильно	ADVB
1923	2010	08	01	16	скучать	INFN
1924	2010	08	01	16	это	PRCL
1925	2010	08	01	16	ты	NPRO
1926	2010	08	01	00	такой	ADJF
1927	2010	08	01	00	красивый	ADJF
1928	2010	08	01	00	на	PREP
1929	2010	08	01	00	ава	NOUN
1930	2010	04	01	20	а	CONJ
1931	2010	04	01	20	ты	NPRO
1932	2010	04	01	20	сейчас	ADVB
1933	2010	04	01	20	куда	NOUN
1934	2010	04	01	20	собираться	INFN
1935	2010	04	01	20	я	NPRO
1936	2010	04	01	20	что	CONJ
1937	2010	04	01	20	то	CONJ
1938	2010	04	01	20	ты	NPRO
1939	2010	04	01	20	не	PRCL
1940	2010	04	01	20	понимать	INFN
1941	2010	04	01	20	и	CONJ
1942	2010	04	01	20	в	PREP
1943	2010	04	01	20	сколько	CONJ
1944	2010	04	01	20	приехать	INFN
1945	2010	04	01	20	завтра	ADVB
1946	2010	04	01	20	уже	ADVB
1947	2010	04	01	20	в	PREP
1948	2010	04	01	20	город	NOUN
1949	2010	04	01	20	быть	INFN
1950	2010	04	01	20	что	CONJ
1951	2010	04	01	20	ты	NPRO
1952	2010	04	01	20	так	CONJ
1953	2010	04	01	20	рано	ADVB
1954	2010	04	01	20	чемодан	NOUN
1955	2010	04	01	20	собирать	INFN
1956	2010	04	01	20	я	NPRO
1957	2010	04	01	20	сок	NOUN
1958	2010	04	01	20	пить	INFN
1959	2010	04	01	20	вкусно	ADVB
1960	2010	04	01	20	как	CONJ
1961	2010	04	01	20	дело	NOUN
1962	2010	04	01	20	ты	NPRO
1963	2010	04	01	20	блин	INTJ
1964	2010	04	01	20	скотина	NOUN
1965	2010	04	01	20	мелкий	ADJF
1966	2010	04	01	20	давать	INFN
1967	2010	04	01	20	возвращаться	INFN
1968	2010	04	01	20	скучать	INFN
1969	2010	04	01	20	что	CONJ
1970	2010	04	01	20	делать	INFN
1971	2010	04	01	19	что	CONJ
1972	2010	04	01	19	делать	INFN
1973	2010	04	01	19	не	PRCL
1974	2010	04	01	19	скучно	ADVB
1975	2010	04	01	19	в	PREP
1976	2010	04	01	19	ижевск	NOUN
1977	2010	04	01	18	привет	NOUN
1978	2010	04	01	18	когда	CONJ
1979	2010	04	01	18	приехать	INFN
1980	2010	04	01	18	соскучиться	INFN
1981	2010	04	01	18	\	None
1982	2010	04	01	16	привет	NOUN
1983	2010	04	01	16	да	PRCL
1984	2010	04	01	16	хорошо	ADVB
1985	2010	04	01	16	всёт	VERB
1986	2010	04	01	16	как	CONJ
1987	2010	04	01	16	как	CONJ
1988	2010	04	01	16	каникулы	NOUN
1989	2010	03	01	23	любимаястатусхма	NOUN
1990	2010	03	01	23	ну	PRCL
1991	2010	03	01	23	что	CONJ
1992	2010	03	01	23	зайка	NOUN
1993	2010	03	01	23	с	PREP
1994	2010	03	01	23	прошедшее	NOUN
1995	2010	03	01	23	послать	INFN
1996	2010	03	01	23	завтра	ADVB
1997	2010	03	01	23	гулять	INFN
1998	2010	03	01	19	шикарно	ADVB
1999	2010	03	01	19	ты	NPRO
2000	2010	03	01	19	в	PREP
2001	2010	03	01	19	город	NOUN
2002	2010	03	01	19	привет	NOUN
2003	2010	03	01	19	как	CONJ
2004	2010	03	01	19	ты	NPRO
2005	2010	01	01	23	вы	NPRO
2006	2010	01	01	23	ща	None
2007	2010	01	01	23	в	PREP
2008	2010	01	01	23	ижевск	NOUN
2009	2010	01	01	23	с	PREP
2010	2010	01	01	23	новый	ADJF
2011	2010	01	01	23	год	NOUN
2012	2010	01	01	23	пельмяшка	NOUN
2013	2010	01	01	23	племяшка	NOUN
